bump_array_16_2,VSSIO
bump_array_16_4,VDDIO
bump_array_16_6,pad_slink_o[6]
bump_array_16_8,pad_slink_o[4]
bump_array_16_10,pad_slink_o[2]
bump_array_16_12,pad_slink_o[0]
bump_array_16_14,VDDIO
bump_array_16_16,VSS
bump_array_16_18,VDD
bump_array_16_20,VDD
bump_array_16_22,VDD
bump_array_16_24,VSS
bump_array_16_26,VDDIO
bump_array_16_28,pad_slink_i[0]
bump_array_16_30,pad_slink_i[2]
bump_array_16_32,pad_slink_i[4]
bump_array_16_34,pad_slink_i[6]
bump_array_16_36,VDDIO
bump_array_16_38,VSSIO
bump_array_15_1,VSSIO
bump_array_15_3,VSSIO
bump_array_15_5,pad_slink_o[7]
bump_array_15_7,pad_slink_o[5]
bump_array_15_9,pad_slink_o[3]
bump_array_15_11,pad_slink_o[1]
bump_array_15_13,pad_slink_rcv_clk_o[0]
bump_array_15_15,VSSIO
bump_array_15_17,VSS
bump_array_15_19,VDD
bump_array_15_21,VDD
bump_array_15_23,VSS
bump_array_15_25,VSSIO
bump_array_15_27,pad_slink_rcv_clk_i[0]
bump_array_15_29,pad_slink_i[1]
bump_array_15_31,pad_slink_i[3]
bump_array_15_33,pad_slink_i[5]
bump_array_15_35,pad_slink_i[7]
bump_array_15_37,VSSIO
bump_array_15_39,VSSIO
bump_array_14_0,VDDIO
bump_array_14_2,VSSIO
bump_array_14_4,pad_dram_slink_i[6]
bump_array_14_6,
bump_array_14_8,pad_dram_slink_i[7]
bump_array_14_10,
bump_array_14_12,VSS
bump_array_14_14,VSS
bump_array_14_16,VSS
bump_array_14_18,VDD
bump_array_14_20,VDD
bump_array_14_22,VDD
bump_array_14_24,VSS
bump_array_14_26,VSS
bump_array_14_28,VSS
bump_array_14_30,pad_boot_mode_i[1]
bump_array_14_32,pad_boot_mode_i[1]
bump_array_14_34,pad_bypass_fll_i
bump_array_14_36,pad_bypass_fll_i
bump_array_14_38,VSSIO
bump_array_14_40,VDDIO
bump_array_13_1,VDDIO
bump_array_13_3,pad_dram_slink_i[4]
bump_array_13_5,
bump_array_13_7,pad_dram_slink_i[5]
bump_array_13_9,
bump_array_13_11,VSS
bump_array_13_13,VSS
bump_array_13_15,VSS
bump_array_13_17,VSS
bump_array_13_19,VDD
bump_array_13_21,VDD
bump_array_13_23,VSS
bump_array_13_25,VSS
bump_array_13_27,VSS
bump_array_13_29,VSS
bump_array_13_31,pad_boot_mode_i[0]
bump_array_13_33,pad_boot_mode_i[0]
bump_array_13_35,pad_rst_ni
bump_array_13_37,pad_rst_ni
bump_array_13_39,VDDIO
bump_array_12_0,pad_dram_slink_rcv_clk_i[0]
bump_array_12_2,pad_dram_slink_i[2]
bump_array_12_4,
bump_array_12_6,pad_dram_slink_i[3]
bump_array_12_8,
bump_array_12_10,VSS
bump_array_12_12,VSS
bump_array_12_14,VSS
bump_array_12_16,VSS
bump_array_12_18,VDD
bump_array_12_20,VDD
bump_array_12_22,VDD
bump_array_12_24,VSS
bump_array_12_26,VSS
bump_array_12_28,VSS
bump_array_12_30,VSS
bump_array_12_32,pad_jtag_trst_ni
bump_array_12_34,pad_jtag_trst_ni
bump_array_12_36,pad_jtag_tdo_o
bump_array_12_38,pad_jtag_tdo_o
bump_array_12_40,
bump_array_11_1,pad_dram_slink_i[0]
bump_array_11_3,
bump_array_11_5,pad_dram_slink_i[1]
bump_array_11_7,
bump_array_11_9,VSS
bump_array_11_11,VSS
bump_array_11_13,VSS
bump_array_11_15,VSS
bump_array_11_17,VSS
bump_array_11_19,VDD
bump_array_11_21,VDD
bump_array_11_23,VSS
bump_array_11_25,VSS
bump_array_11_27,VSS
bump_array_11_29,VSS
bump_array_11_31,VSS
bump_array_11_33,pad_jtag_tms_i
bump_array_11_35,pad_jtag_tms_i
bump_array_11_37,pad_jtag_tdi_i
bump_array_11_39,pad_jtag_tdi_i
bump_array_10_0,
bump_array_10_2,VDDIO
bump_array_10_4,VSSIO
bump_array_10_6,VSS
bump_array_10_8,VSS
bump_array_10_10,VSS
bump_array_10_12,VSS
bump_array_10_14,VSS
bump_array_10_16,VDD
bump_array_10_18,VDD
bump_array_10_20,VDD
bump_array_10_22,VDD
bump_array_10_24,VDD
bump_array_10_26,VSS
bump_array_10_28,VSS
bump_array_10_30,VSS
bump_array_10_32,VSS
bump_array_10_34,VSS
bump_array_10_36,VSSIO
bump_array_10_38,VDDIO
bump_array_10_40,
bump_array_9_1,VSS
bump_array_9_3,VSS
bump_array_9_5,VSS
bump_array_9_7,VDD
bump_array_9_9,VDD
bump_array_9_11,VDD
bump_array_9_13,VDD
bump_array_9_15,VDD
bump_array_9_17,VDD
bump_array_9_19,VDD
bump_array_9_21,VDD
bump_array_9_23,VDD
bump_array_9_25,VDD
bump_array_9_27,VDD
bump_array_9_29,VDD
bump_array_9_31,VDD
bump_array_9_33,VDD
bump_array_9_35,VSS
bump_array_9_37,VSS
bump_array_9_39,VSS
bump_array_8_0,VDD
bump_array_8_2,VDD
bump_array_8_4,VDD
bump_array_8_6,VDD
bump_array_8_8,VDD
bump_array_8_10,VDD
bump_array_8_12,VDD
bump_array_8_14,VDD
bump_array_8_16,VDD
bump_array_8_18,VDD
bump_array_8_20,VDD
bump_array_8_22,VDD
bump_array_8_24,VDD
bump_array_8_26,VDD
bump_array_8_28,VDD
bump_array_8_30,VDD
bump_array_8_32,VDD
bump_array_8_34,VDD
bump_array_8_36,VDD
bump_array_8_38,VDD
bump_array_8_40,VDD
bump_array_7_1,VSS
bump_array_7_3,VSS
bump_array_7_5,VSS
bump_array_7_7,VDD
bump_array_7_9,VDD
bump_array_7_11,VDD
bump_array_7_13,VDD
bump_array_7_15,VDD
bump_array_7_17,VDD
bump_array_7_19,VDD
bump_array_7_21,VDD
bump_array_7_23,VDD
bump_array_7_25,VDD
bump_array_7_27,VDD
bump_array_7_29,VDD
bump_array_7_31,VDD
bump_array_7_33,VDD
bump_array_7_35,VSS
bump_array_7_37,VSS
bump_array_7_39,VSS
bump_array_6_0,
bump_array_6_2,VDDIO
bump_array_6_4,VSSIO
bump_array_6_6,VSS
bump_array_6_8,VSS
bump_array_6_10,VSS
bump_array_6_12,VSS
bump_array_6_14,VSS
bump_array_6_16,VDD
bump_array_6_18,VDD
bump_array_6_20,VDD
bump_array_6_22,VDD
bump_array_6_24,VDD
bump_array_6_26,VSS
bump_array_6_28,VSS
bump_array_6_30,VSS
bump_array_6_32,VSS
bump_array_6_34,VSS
bump_array_6_36,VSSIO
bump_array_6_38,VDDIO
bump_array_6_40,
bump_array_5_1,pad_dram_slink_o[0]
bump_array_5_3,
bump_array_5_5,pad_dram_slink_o[1]
bump_array_5_7,
bump_array_5_9,VSS
bump_array_5_11,VSS
bump_array_5_13,VSS
bump_array_5_15,VSS
bump_array_5_17,VSS
bump_array_5_19,VDD
bump_array_5_21,VDD
bump_array_5_23,VSS
bump_array_5_25,VSS
bump_array_5_27,VSS
bump_array_5_29,VSS
bump_array_5_31,VSS
bump_array_5_33,pad_div_clk_o
bump_array_5_35,pad_div_clk_o
bump_array_5_37,pad_jtag_tck_i
bump_array_5_39,pad_jtag_tck_i
bump_array_4_0,pad_dram_slink_rcv_clk_o[0]
bump_array_4_2,pad_dram_slink_o[2]
bump_array_4_4,
bump_array_4_6,pad_dram_slink_o[3]
bump_array_4_8,
bump_array_4_10,VSS
bump_array_4_12,VSS
bump_array_4_14,VSS
bump_array_4_16,VSS
bump_array_4_18,VDD
bump_array_4_20,VDD
bump_array_4_22,VDD
bump_array_4_24,VSS
bump_array_4_26,VSS
bump_array_4_28,VSS
bump_array_4_30,VSS
bump_array_4_32,pad_rtc_clk_i
bump_array_4_34,pad_rtc_clk_i
bump_array_4_36,pad_ref_clk_i
bump_array_4_38,pad_ref_clk_i
bump_array_4_40,
bump_array_3_1,VDDIO
bump_array_3_3,pad_dram_slink_o[4]
bump_array_3_5,
bump_array_3_7,pad_dram_slink_o[5]
bump_array_3_9,
bump_array_3_11,VSS
bump_array_3_13,VSS
bump_array_3_15,VSS
bump_array_3_17,VSS
bump_array_3_19,VDD
bump_array_3_21,VDD
bump_array_3_23,VSS
bump_array_3_25,VSS
bump_array_3_27,VSS
bump_array_3_29,VSS
bump_array_3_31,pad_test_mode_i
bump_array_3_33,pad_test_mode_i
bump_array_3_35,pad_clk_rst_bypass_i
bump_array_3_37,pad_clk_rst_bypass_i
bump_array_3_39,VDDIO
bump_array_2_0,VDDIO
bump_array_2_2,VSSIO
bump_array_2_4,pad_dram_slink_o[6]
bump_array_2_6,
bump_array_2_8,pad_dram_slink_o[7]
bump_array_2_10,
bump_array_2_12,VSS
bump_array_2_14,VSS
bump_array_2_16,VSS
bump_array_2_18,VDD
bump_array_2_20,VDD
bump_array_2_22,VDD
bump_array_2_24,VSS
bump_array_2_26,VSS
bump_array_2_28,VSS
bump_array_2_30,
bump_array_2_32,pad_uart_rx_i
bump_array_2_34,
bump_array_2_36,pad_uart_tx_o
bump_array_2_38,VSSIO
bump_array_2_40,VDDIO
bump_array_1_1,VSSIO
bump_array_1_3,VSSIO
bump_array_1_5,VDDIO
bump_array_1_7,pad_spih_csb_o[1]
bump_array_1_9,pad_spih_sd_io[0]
bump_array_1_11,pad_spih_sd_io[2]
bump_array_1_13,pad_spih_sck_o
bump_array_1_15,VSSIO
bump_array_1_17,VSS
bump_array_1_19,VDD
bump_array_1_21,VDD
bump_array_1_23,VSS
bump_array_1_25,VSSIO
bump_array_1_27,pad_i2c_scl_io
bump_array_1_29,pad_gpio_io[5]
bump_array_1_31,pad_gpio_io[3]
bump_array_1_33,pad_gpio_io[1]
bump_array_1_35,VDDIO
bump_array_1_37,VSSIO
bump_array_1_39,VSSIO
bump_array_0_2,VSSIO
bump_array_0_4,VDDIO
bump_array_0_6,pad_spih_csb_o[0]
bump_array_0_8,pad_gpio_io[6]
bump_array_0_10,pad_spih_sd_io[1]
bump_array_0_12,pad_spih_sd_io[3]
bump_array_0_14,
bump_array_0_16,VSS
bump_array_0_18,VDD
bump_array_0_20,VDD
bump_array_0_22,VDD
bump_array_0_24,VSS
bump_array_0_26,
bump_array_0_28,pad_i2c_sda_io
bump_array_0_30,pad_gpio_io[4]
bump_array_0_32,pad_gpio_io[2]
bump_array_0_34,pad_gpio_io[0]
bump_array_0_36,VDDIO
bump_array_0_38,VSSIO
